
{
  "type": "bus_road",
  "pro_name": "버스 차도용",
  "festival_name_ko": "담양산타축제",
  "festival_count": "제7회",
  "festival_name_en": "damyang santa fetival",
  "festival_period_ko": "2025.12.24 ~ 12.25",
  "festival_location_ko": "담양군 메타랜드 일원",
  "width": 3788,
  "height": 1024,
  "festival_color_count_placeholder": "#000000",
  "festival_color_name_en_placeholder": "#000000",
  "festival_color_name_ko_placeholder": "#000000",
  "festival_color_period_placeholder": "#FFFFFF",
  "festival_color_location_placeholder": "#FFFFFF"
}