[
  {
    "trend": "우주 테마 축제",
    "subtitle": "몰입형 AR/VR 전시와 천문학 강연",
    "analysis": "과학과 대중문화의 접목으로 인해 우주에 대한 관심이 높아지면서 다양한 테마 축제가 인기를 끌고 있습니다. 특히 우주에 대한 호기심을 충족시키기 위해 immersive 기술을 활용한 몰입형 전시가 주목받고 있습니다.",
    "recommendations": [
      "우주 주제의 AR/VR 체험 확장",
      "천문학적 사실을 기반으로 한 이벤트 구성",
      "휴대 가능한 우주 테마 기념품 제작"
    ],
    "sources": [
      "https://oak.chosun.ac.kr",
      "http://www.dsccenter.kr"
    ],
    "image": "C:\\final_project\\ACC\\acc-ai\\app\\data\\total_trend_images\\image_1.jpg"
  },
  {
    "trend": "음악과 과학이 결합된 원데이 이벤트",
    "subtitle": "사운드 디자인과 과학적 데이터의 결합",
    "analysis": "음향과 과학의 융합은 새로운 몰입형 경험으로 주목 받고 있으며, 특히 과학적 데이터를 시각화한 음악 이벤트가 인기를 끌고 있습니다.",
    "recommendations": [
      "실시간 데이터 시각화를 통한 사운드 공연",
      "과학자와 예술가의 협업으로 새로운 공연 형태 개발"
    ],
    "sources": [
      "https://oak.chosun.ac.kr"
    ],
    "image": "C:\\final_project\\ACC\\acc-ai\\app\\data\\total_trend_images\\image_2.jpg"
  },
  {
    "trend": "도심 속 자연과 우주",
    "subtitle": "도심에서의 자연과 우주 경험 향상",
    "analysis": "도심 거주자들이 자연과의 연결을 원하는 트렌드가 증가하고 있으며, 이를 충족하기 위한 우주 및 자연 테마 공간이 인기를 끌고 있습니다.",
    "recommendations": [
      "도심 공원에서 자연과 우주를 결합한 이벤트 개최",
      "우주 테마의 캠핑 및 관찰 이벤트"
    ],
    "sources": [
      "http://www.dsccenter.kr"
    ],
    "image": "C:\\final_project\\ACC\\acc-ai\\app\\data\\total_trend_images\\image_3.jpg"
  },
  {
    "trend": "문화와 과학의 콜라보레이션",
    "subtitle": "사이언스 라운지와 문화 콘텐츠의 융합",
    "analysis": "과학적 사실을 쉽게 전달하기 위한 문화적 매개체로서 사이언스 카페와 문화 콘텐츠가 주목받고 있습니다.",
    "recommendations": [
      "문화행사와 과학 워크숍 결합",
      "과학적 원리와 예술을 접목한 작품 제작"
    ],
    "sources": [
      "https://oak.chosun.ac.kr"
    ],
    "image": "C:\\final_project\\ACC\\acc-ai\\app\\data\\total_trend_images\\image_4.jpg"
  },
  {
    "trend": "우주 테마 디지털 콘텐츠 제작",
    "subtitle": "소셜 미디어와의 연계 강화",
    "analysis": "디지털 네이티브 세대가 참여할 수 있는 우주 관련 콘텐츠가 유튜브 등을 통해 활발히 제작되고 있으며, 상호작용성을 높이며 대중의 참여를 유도하고 있습니다.",
    "recommendations": [
      "실시간 소통이 가능한 인터랙티브 콘텐츠 강화",
      "스토리텔링 기반의 우주 테마 영상 개발"
    ],
    "sources": [
      "http://www.dsccenter.kr"
    ],
    "image": "C:\\final_project\\ACC\\acc-ai\\app\\data\\total_trend_images\\image_5.jpg"
  }
]